device,temperature,humidity,sub_district,district,province
AA180115,46.09148212898215,99.9235593919969,Bang Khian,Chum Saeng,Nakhon Sawan
AA180115,46.09148212898215,99.9235593919969,Ban Dai,Mae Sai,Chiang Rai
AA180115,46.09148212898215,99.9235593919969,Bang Krut,Ban Pho,Chachoengsao
AA180115,46.09148212898215,99.9235593919969,Bang Boribun,Mueang Prachin Buri,Prachin Buri
AA180115,46.09148212898215,99.9235593919969,Bang Khu Rat,Bang Bua Thong,Nonthaburi
AA180115,46.09148212898215,99.9235593919969,Ban Cha,Bang Rachan,Sing Buri
AA180115,46.09148212898215,99.9235593919969,Bang Nam Chiao,Phrom Buri,Sing Buri
AA180115,46.09148212898215,99.9235593919969,Bang Mueang,Mueang Samut Prakan,Samut Prakarn
AA180115,46.09148212898215,99.9235593919969,Ba-Ngoi,Raman,Yala
AA180115,46.09148212898215,99.9235593919969,Bang Krabao,Ban Sang,Prachin Buri
AA180115,46.09148212898215,99.9235593919969,Ban Fang,Kranuan,Khon Kaen
AA180115,46.09148212898215,99.9235593919969,Bang Kluea,Bang Pakong,Chachoengsao
AA180115,46.09148212898215,99.9235593919969,Aranyik,Mueang Phitsanulok,Phitsanulok
AA180115,46.09148212898215,99.9235593919969,Ang Thong,Thap Sakae,Prachuap Khiri Khan
AA180115,46.09148212898215,99.9235593919969,At Samat,At Samat,Roi Et
AA180115,46.09148212898215,99.9235593919969,Bang Muang,Takua Pa,Phang-nga
AA180121,438.28999999999996,95.12590148378192,Bang Chana,Mueang Surat Thani,Surat Thani
AA180121,438.28999999999996,95.12590148378192,Ban Fa,Ban Luang,Nan
AA180121,438.28999999999996,95.12590148378192,Bang Khu Wiang,Bang Kruai,Nonthaburi
AA180121,438.28999999999996,95.12590148378192,Ban Bueng,Ban Rai,Uthai Thani
AA180121,438.28999999999996,95.12590148378192,Bang Kaeo,Banphot Phisai,Nakhon Sawan
AA180121,438.28999999999996,95.12590148378192,Ak Khakham,Pho Chai,Roi Et
AA180121,438.28999999999996,95.12590148378192,Ban Chuan,Bamnet Narong,Chaiyaphum
AA180121,438.28999999999996,95.12590148378192,Bang Chao Cha,Pho Thong,Ang Thong
AA180121,438.28999999999996,95.12590148378192,Ban Chang,Ban Chang,Rayong
AA180121,438.28999999999996,95.12590148378192,Bang Khonthi,Bang Khonthi,Samut Songkhram
AA180132,50.0,100.0,Ban Dong,Ubolratana,Khon Kaen
AA180132,50.0,100.0,Ban Fang,Ban Fang,Khon Kaen
AA180132,50.0,100.0,Ban Fang,Kranuan,Khon Kaen
AA180132,50.0,100.0,Bang Kahai,Mueang Chachoengsao,Chachoengsao
AA180132,50.0,100.0,Bang Pahan,Bang Pahan,Phra Nakhon Si Ayutthaya
AA180132,50.0,100.0,Bang Khu Wiang,Bang Kruai,Nonthaburi
AA180132,50.0,100.0,Ao Luek Nuea,Ao Luek,Krabi
AA180132,50.0,100.0,Ban Bueng,Ban Bueng,Chon Buri
AA180132,50.0,100.0,Bang Kachao,Phra Pradaeng,Samut Prakarn
AA180132,50.0,100.0,Ban Dai,Mae Sai,Chiang Rai
AA180132,50.0,100.0,Bang Khamot,Ban Mo,Saraburi
AA180132,50.0,100.0,Bang Khen,Mueang Nonthaburi,Nonthaburi
AA180132,50.0,100.0,Bang Krathuek,Sam Phran,Nakhon Pathom
AA180132,50.0,100.0,Bang Luang,Bang Ban,Phra Nakhon Si Ayutthaya
AA180132,50.0,100.0,Bang Chan,Mueang Phetchaburi,Phetchaburi
AA180134,50.0,100.0,Ban Fang,Ban Fang,Khon Kaen
AA180134,50.0,100.0,Bang Khut,Sankhaburi,Chai Nat
AA180134,50.0,100.0,Ao Luek Tai,Ao Luek,Krabi
AA180134,50.0,100.0,Bang Khiat,Singhanakhon,Songkhla
AA180134,50.0,100.0,Bang Krang,Mueang Nonthaburi,Nonthaburi
AA180134,50.0,100.0,Ao Luek Nuea,Ao Luek,Krabi
AA180134,50.0,100.0,Amphawa,Amphawa,Samut Songkhram
AA180134,50.0,100.0,Bang Khru,Phra Pradaeng,Samut Prakarn
AA180134,50.0,100.0,Bang But,Ban Khai,Rayong
AA180134,50.0,100.0,Bang Krang,Mueang Nonthaburi,Nonthaburi
AA180134,50.0,100.0,A Song,Raman,Yala
AA180134,50.0,100.0,A Phon,Buachet,Surin
AA180134,50.0,100.0,Bang Chakreng,Mueang Samut Songkhram,Samut Songkhram
AA180137,50.0,100.0,Bang Mueang,Mueang Samut Prakan,Samut Prakarn
AA180137,50.0,100.0,Ban Du,Mueang Chiang Rai,Chiang Rai
AA180137,50.0,100.0,Bang Khiat,Singhanakhon,Songkhla
AA180137,50.0,100.0,Bang Khem,Khao Yoi,Phetchaburi
AA180137,50.0,100.0,Bang Kaeo,Bang Phli,Samut Prakarn
AA180137,50.0,100.0,Bang Nang Li,Amphawa,Samut Songkhram
AA180137,50.0,100.0,Ban Bat,Pom Prap Sattruphai,Bangkok
AA180137,50.0,100.0,Bang Nam Chuet,Lang Suan,Chumphon
AA180137,50.0,100.0,Ba-Ngo Sato,Ra-ngae,Narathiwat
AA180137,50.0,100.0,Ang Khiri,Makham,Chanthaburi
AA180137,50.0,100.0,Bang Chakreng,Mueang Samut Songkhram,Samut Songkhram
AA180137,50.0,100.0,Bang Klam,Bang Klam,Songkhla
AA180137,50.0,100.0,Ao Luek Nuea,Ao Luek,Krabi
AA180137,50.0,100.0,Bang Chalong,Bang Phli,Samut Prakarn
AA180159,47.97024723721327,98.13545360470377,Bang Khu Wat,Mueang Pathum Thani,Pathum Thani
AA180159,47.97024723721327,98.13545360470377,Bang Nam Chuet,Mueang Samut Sakhon,Samut Sakhon
AA180159,47.97024723721327,98.13545360470377,Bang Chak,Mueang Nakhon Si Thammarat,Nakhon Si Thammarat
AA180159,47.97024723721327,98.13545360470377,Bang Bai Mai,Mueang Surat Thani,Surat Thani
AA180159,47.97024723721327,98.13545360470377,Ban Dong,Ubolratana,Khon Kaen
AA180159,47.97024723721327,98.13545360470377,Bang Khun Sai,Ban Laem,Phetchaburi
AA180159,47.97024723721327,98.13545360470377,Bang Krabao,Nakhon Chai Si,Nakhon Pathom
AA180159,47.97024723721327,98.13545360470377,Ban Du,Na Pho,Buri Ram
AA180159,47.97024723721327,98.13545360470377,Bang Khun Sai,Ban Laem,Phetchaburi
AA180159,47.97024723721327,98.13545360470377,Ban Bua,Mueang Buri Ram,Buri Ram
AA180159,47.97024723721327,98.13545360470377,Bang Kadi,Mueang Pathum Thani,Pathum Thani
AA180159,47.97024723721327,98.13545360470377,Bang Kaeo,Nakhon Chai Si,Nakhon Pathom
AA180159,47.97024723721327,98.13545360470377,Bang Maphrao,Lang Suan,Chumphon
AA180159,47.97024723721327,98.13545360470377,Ang Thong,Srinagarindra,Phatthalung
AA180159,47.97024723721327,98.13545360470377,Ban Chung,Nakhon Luang,Phra Nakhon Si Ayutthaya
AA180159,47.97024723721327,98.13545360470377,Bang Khun Si,Bangkok Noi,Bangkok
AA180159,47.97024723721327,98.13545360470377,Bang Nga,Tha Wung,Lop Buri
AA180159,47.97024723721327,98.13545360470377,Akat,Akat Amnuai,Sakon Nakhon
AA180159,47.97024723721327,98.13545360470377,Bang Chak,Mueang Phetchaburi,Phetchaburi
AA180159,47.97024723721327,98.13545360470377,Bang Nang Li,Amphawa,Samut Songkhram
AA180159,47.97024723721327,98.13545360470377,Bang Lamung,Bang Lamung,Chon Buri
AA180164,50.0,100.0,Bang Nam Chuet,Mueang Samut Sakhon,Samut Sakhon
AA180164,50.0,100.0,Bang Khu Wiang,Bang Kruai,Nonthaburi
AA180164,50.0,100.0,Bang Chak,Mueang Nakhon Si Thammarat,Nakhon Si Thammarat
AA180164,50.0,100.0,Bang Kung,Mueang Saphan Buri,Suphan Buri
AA180164,50.0,100.0,Bang Krabao,Ban Sang,Prachin Buri
AA180164,50.0,100.0,Ak Khakham,Pho Chai,Roi Et
AA180164,50.0,100.0,Bang O,Bang Phlat,Bangkok
AA180164,50.0,100.0,Bang Decha,Mueang Prachin Buri,Prachin Buri
AA180164,50.0,100.0,Ban Bua,Mueang Buri Ram,Buri Ram
AA180164,50.0,100.0,Ban Dung,Ban Dung,Udon Thani
AA180164,50.0,100.0,Bang But,Ban Khai,Rayong
AA180164,50.0,100.0,Ban Chang,Uthai,Phra Nakhon Si Ayutthaya
AA180164,50.0,100.0,Bang Khru,Phra Pradaeng,Samut Prakarn
AA180164,50.0,100.0,A Hi,Tha Li,Loei
AA180164,50.0,100.0,Bang Khayaeng,Mueang Pathum Thani,Pathum Thani
AA180166,50.0,99.5140652517018,Bang Chak,Phasi Charoen,Bangkok
AA180166,50.0,99.5140652517018,Bang Kho Laem,Bang Kho Laem,Bangkok
AA180166,50.0,99.5140652517018,Bang Khu,Tha Wung,Lop Buri
AA180166,50.0,99.5140652517018,Ao Luek Nuea,Ao Luek,Krabi
AA180166,50.0,99.5140652517018,Bang Len,Bang Yai,Nonthaburi
AA180166,50.0,99.5140652517018,Bang Nai Si,Takua Pa,Phang-nga
AA180166,50.0,99.5140652517018,A Song,Raman,Yala
AA180166,50.0,99.5140652517018,Bang Luang,Bang Ban,Phra Nakhon Si Ayutthaya
AA180166,50.0,99.5140652517018,Bang Pao,Kantang,Trang
AA180166,50.0,99.5140652517018,Bang Krasop,Phra Pradaeng,Samut Prakarn
AA180166,50.0,99.5140652517018,Bang Khao,Nong Chik,Pattani
AA180166,50.0,99.5140652517018,Anusawari,Bang Khen,Bangkok
AA180166,50.0,99.5140652517018,Bang Bai Mai,Mueang Surat Thani,Surat Thani
AA180184,50.0,84.67001027052657,Bang Duea,Bang Pahan,Phra Nakhon Si Ayutthaya
AA180184,50.0,84.67001027052657,Bang Maduea,Phunphin,Surat Thani
AA180184,50.0,84.67001027052657,Bang Khiat,Singhanakhon,Songkhla
AA180184,50.0,84.67001027052657,Bang Khlan,Pho Thale,Phichit
AA180184,50.0,84.67001027052657,Bang Boribun,Mueang Prachin Buri,Prachin Buri
AA180184,50.0,84.67001027052657,Bang Duan,Phasi Charoen,Bangkok
AA180184,50.0,84.67001027052657,Bang Khae,Bang Khae,Bangkok
AA180184,50.0,84.67001027052657,Bang Khanak,Bang Nam Priao,Chachoengsao
AA180184,50.0,84.67001027052657,Ban Fang,Kranuan,Khon Kaen
AA180184,50.0,84.67001027052657,Bang Nang,Phan Thong,Chon Buri
AA180184,50.0,84.67001027052657,Bang Kung,Si Maha Phot,Prachin Buri
AA180184,50.0,84.67001027052657,Ban Daen,Banphot Phisai,Nakhon Sawan
AA180184,50.0,84.67001027052657,Ban Du,Na Pho,Buri Ram
AA180186,564.0413333333333,573.319255883368,Bang Phai,Bang Mun Nak,Phichit
AA180186,564.0413333333333,573.319255883368,Bang Nam Phueng,Phra Pradaeng,Samut Prakarn
AA180186,564.0413333333333,573.319255883368,Bang Nom Kho,Sena,Phra Nakhon Si Ayutthaya
AA180186,564.0413333333333,573.319255883368,Bang Pahan,Bang Pahan,Phra Nakhon Si Ayutthaya
AA180186,564.0413333333333,573.319255883368,Bang Krang,Mueang Nonthaburi,Nonthaburi
AA180186,564.0413333333333,573.319255883368,Bang Chang,Sam Phran,Nakhon Pathom
AA180186,564.0413333333333,573.319255883368,Ban Chan,Phutthaisong,Buri Ram
AA180186,564.0413333333333,573.319255883368,Bang Khem,Khao Yoi,Phetchaburi
AA180186,564.0413333333333,573.319255883368,Ban Chang,Mueang Pathum Thani,Pathum Thani
AA180186,564.0413333333333,573.319255883368,Bang Khun Non,Bangkok Noi,Bangkok
AA180186,564.0413333333333,573.319255883368,Bang Khun Sai,Ban Laem,Phetchaburi
AA180186,564.0413333333333,573.319255883368,Bang Kapi,Huai Khwang,Bangkok
AA180186,564.0413333333333,573.319255883368,At Samat,At Samat,Roi Et
AA180186,564.0413333333333,573.319255883368,Ban Duea,Kaset Sombun,Chaiyaphum
AA180186,564.0413333333333,573.319255883368,Bang Khu Wat,Mueang Pathum Thani,Pathum Thani
AA180186,564.0413333333333,573.319255883368,Ban Dong,Mae Mo,Lampang
AA180186,564.0413333333333,573.319255883368,Ang Thong,Thap Sakae,Prachuap Khiri Khan
AA180186,564.0413333333333,573.319255883368,Bang Chang,Amphawa,Samut Songkhram
AA180186,564.0413333333333,573.319255883368,Bang Decha,Mueang Prachin Buri,Prachin Buri
AA180196,50.0,58.10485793134502,Bang Krut,Ban Pho,Chachoengsao
AA180196,50.0,58.10485793134502,Bang Kung,Bang Khonthi,Samut Songkhram
AA180196,50.0,58.10485793134502,Ban Chung,Nakhon Luang,Phra Nakhon Si Ayutthaya
AA180196,50.0,58.10485793134502,Ban Chang,Phanat Nikhom,Chon Buri
AA180196,50.0,58.10485793134502,Ak Khakham,Pho Chai,Roi Et
AA180196,50.0,58.10485793134502,Ang Kaeo,Pho Thong,Ang Thong
AA180196,50.0,58.10485793134502,Ba-Ngo Sato,Ra-ngae,Narathiwat
AA180196,50.0,58.10485793134502,Bang Nang Ra,Bang Pahan,Phra Nakhon Si Ayutthaya
AA180196,50.0,58.10485793134502,Bang Kung,Mueang Surat Thani,Surat Thani
AA180196,50.0,58.10485793134502,Ban Dan,Aranyaprathet,Sa kaeo
AA180196,50.0,58.10485793134502,Ban Chuan,Bamnet Narong,Chaiyaphum
AA180200,50.0,100.0,Bang Duan,Mueang Samut Prakan,Samut Prakarn
AA180200,50.0,100.0,Bang Len,Bang Yai,Nonthaburi
AA180200,50.0,100.0,Bang Khla,Bang Khla,Chachoengsao
AA180200,50.0,100.0,Bang Chueak Nang,Taling Chan,Bangkok
AA180200,50.0,100.0,Bang Phai,Bang Khae,Bangkok
AA180200,50.0,100.0,Ban Bak,Si Somdet,Roi Et
AA180200,50.0,100.0,Bang Khla,Bang Khla,Chachoengsao
AA180200,50.0,100.0,Ban Don,U Thong,Suphan Buri
AA180200,50.0,100.0,Bang Khun Sai,Ban Laem,Phetchaburi
AA180200,50.0,100.0,Bang Phai,Bang Khae,Bangkok
AA180200,50.0,100.0,Bang Duea,Bang Pahan,Phra Nakhon Si Ayutthaya
AA180200,50.0,100.0,Bang Khun Kong,Bang Kruai,Nonthaburi
AA180200,50.0,100.0,Bang Krut,Ban Pho,Chachoengsao
AA180200,50.0,100.0,Bang Khrok,Ban Laem,Phetchaburi
AA180200,50.0,100.0,Ban Du,Mueang Chiang Rai,Chiang Rai
AA180200,50.0,100.0,Ban Chiang,Nong Saeng,Udon Thani
AA180208,562.8548571428571,572.2629857487922,Bang Kadi,Mueang Pathum Thani,Pathum Thani
AA180208,562.8548571428571,572.2629857487922,Bang Bua Thong,Bang Bua Thong,Nonthaburi
AA180208,562.8548571428571,572.2629857487922,Bang Kraso,Mueang Nonthaburi,Nonthaburi
AA180208,562.8548571428571,572.2629857487922,Bang Len,Bang Len,Nakhon Pathom
AA180208,562.8548571428571,572.2629857487922,Bang Krabue,Sam Khok,Pathum Thani
AA180208,562.8548571428571,572.2629857487922,Ban Dan,Ban Dan Lan Hoi,Sukhothai
AA180208,562.8548571428571,572.2629857487922,Bang Kung,Si Maha Phot,Prachin Buri
AA180208,562.8548571428571,572.2629857487922,Bang Bamru,Bang Phlat,Bangkok
AA180208,562.8548571428571,572.2629857487922,A Song,Raman,Yala
AA180208,562.8548571428571,572.2629857487922,Bang Kacha,Mueang Chanthaburi,Chanthaburi
AA180208,562.8548571428571,572.2629857487922,Bang Nam Chiao,Phrom Buri,Sing Buri
AA180208,562.8548571428571,572.2629857487922,Bang Hak,Bang Ban,Phra Nakhon Si Ayutthaya
AA180208,562.8548571428571,572.2629857487922,Bang Duan,Palian,Trang
AA180208,562.8548571428571,572.2629857487922,Bang Kadi,Mueang Pathum Thani,Pathum Thani
AA180208,562.8548571428571,572.2629857487922,Bang Kaeo,Mueang Ang Thong,Ang Thong
AA180208,562.8548571428571,572.2629857487922,Bang Krachao,Mueang Samut Sakhon,Samut Sakhon
AA180208,562.8548571428571,572.2629857487922,Bang Phae,Bang Phae,Ratchaburi
AA180246,50.0,100.0,Bang Maduea,Phunphin,Surat Thani
AA180246,50.0,100.0,Bang Duea,Bang Pahan,Phra Nakhon Si Ayutthaya
AA180246,50.0,100.0,Bang Len,Bang Len,Nakhon Pathom
AA180246,50.0,100.0,Ba,Tha Tum,Surin
AA180246,50.0,100.0,Bang Lamung,Bang Lamung,Chon Buri
AA180246,50.0,100.0,Anusawari,Bang Khen,Bangkok
AA180246,50.0,100.0,Ang Thong,Mueang Ratchaburi,Ratchaburi
AA180246,50.0,100.0,Ban Chang,Song Phi Nong,Suphan Buri
AA180246,50.0,100.0,Bang Krathum,Bang Krathum,Phitsanulok
AA180246,50.0,100.0,Bang Maphrao,Lang Suan,Chumphon
AA180247,50.0,100.0,Bang Nang Ra,Bang Pahan,Phra Nakhon Si Ayutthaya
AA180247,50.0,100.0,Bang Khla,Bang Khla,Chachoengsao
AA180247,50.0,100.0,Bang Lao,Khlong Khuean,Chachoengsao
AA180247,50.0,100.0,Bang Nom Kho,Sena,Phra Nakhon Si Ayutthaya
AA180247,50.0,100.0,Ba,Tha Tum,Surin
AA180247,50.0,100.0,Ban Chan,Mueang Udon Thani,Udon Thani
AA180247,50.0,100.0,Bang Nam Phueng,Phra Pradaeng,Samut Prakarn
AA180271,47.8655211901625,99.9460616628239,Bang Khan,Bang Khan,Nakhon Si Thammarat
AA180271,47.8655211901625,99.9460616628239,Bang Krabao,Nakhon Chai Si,Nakhon Pathom
AA180271,47.8655211901625,99.9460616628239,Ban Chang,Uthai,Phra Nakhon Si Ayutthaya
AA180271,47.8655211901625,99.9460616628239,A Hi,Tha Li,Loei
AA180271,47.8655211901625,99.9460616628239,Ban Daeng,Trakan Phuet Phon,Ubon Ratchathani
AA180271,47.8655211901625,99.9460616628239,Ban Chang,Phanat Nikhom,Chon Buri
AA180271,47.8655211901625,99.9460616628239,Bang Kung,Mueang Surat Thani,Surat Thani
AA180271,47.8655211901625,99.9460616628239,Aranya Prathet,Aranyaprathet,Sa kaeo
AA180271,47.8655211901625,99.9460616628239,Bang Khu Rat,Bang Bua Thong,Nonthaburi
AA180271,47.8655211901625,99.9460616628239,Bang Pakong,Bang Pakong,Chachoengsao
AA180271,47.8655211901625,99.9460616628239,Bang Duan,Mueang Samut Prakan,Samut Prakarn
AA180271,47.8655211901625,99.9460616628239,Bang Khae,Bang Khae,Bangkok
AA180271,47.8655211901625,99.9460616628239,Bang Khayaeng,Mueang Pathum Thani,Pathum Thani
AA180271,47.8655211901625,99.9460616628239,Bang Nak,Mueang Narathiwat,Narathiwat
AA180271,47.8655211901625,99.9460616628239,Bang Khun Kong,Bang Kruai,Nonthaburi
AA180271,47.8655211901625,99.9460616628239,Bang Krut,Ban Pho,Chachoengsao
AA180281,50.0,100.0,Bang Khun Si,Bangkok Noi,Bangkok
AA180281,50.0,100.0,Bang Chak,Phasi Charoen,Bangkok
AA180281,50.0,100.0,Ba-Ngoi Sinae,Yaha,Yala
AA180281,50.0,100.0,Bang Krabao,Ban Sang,Prachin Buri
AA180281,50.0,100.0,Bang Krabao,Nakhon Chai Si,Nakhon Pathom
AA180281,50.0,100.0,Bang Kacha,Mueang Chanthaburi,Chanthaburi
AA180281,50.0,100.0,Bang Krachet,Bang Khla,Chachoengsao
AA180281,50.0,100.0,Bang Duan,Phasi Charoen,Bangkok
AA180281,50.0,100.0,Aranya Prathet,Aranyaprathet,Sa kaeo
AA180281,50.0,100.0,Bang Kraso,Mueang Nonthaburi,Nonthaburi
AA180283,576.8635714285714,584.9930464975844,Bang Krang,Mueang Nonthaburi,Nonthaburi
AA180283,576.8635714285714,584.9930464975844,Bang Kraso,Mueang Nonthaburi,Nonthaburi
AA180283,576.8635714285714,584.9930464975844,Bang Krabue,Sam Khok,Pathum Thani
AA180283,576.8635714285714,584.9930464975844,Ang Thong,Mueang Ratchaburi,Ratchaburi
AA180283,576.8635714285714,584.9930464975844,Bang Duan,Palian,Trang
AA180283,576.8635714285714,584.9930464975844,Ban Bung,Mueang Phichit,Phichit
AA180283,576.8635714285714,584.9930464975844,Bang Khrok,Ban Laem,Phetchaburi
AA180283,576.8635714285714,584.9930464975844,Bang Krut,Ban Pho,Chachoengsao
AA180283,576.8635714285714,584.9930464975844,Bang Muang,Takua Pa,Phang-nga
AA180283,576.8635714285714,584.9930464975844,Bang Chak,Phra Pradaeng,Samut Prakarn
AA180283,576.8635714285714,584.9930464975844,Ammarit,Phak Hai,Phra Nakhon Si Ayutthaya
AA180283,576.8635714285714,584.9930464975844,Ban Chang Lo,Bangkok Noi,Bangkok
AA180283,576.8635714285714,584.9930464975844,Ban Dan,Ban Dan,Buri Ram
AA180283,576.8635714285714,584.9930464975844,Ban Dan,Aranyaprathet,Sa kaeo
AA180286,185.2833789682539,239.511171957672,Bang Kaeo,Nakhon Chai Si,Nakhon Pathom
AA180286,185.2833789682539,239.511171957672,Aranya Prathet,Aranyaprathet,Sa kaeo
AA180286,185.2833789682539,239.511171957672,Bang Chak,Wiset Chai Chan,Ang Thong
AA180286,185.2833789682539,239.511171957672,Bang Mot,Thung Khu,Bangkok
AA180286,185.2833789682539,239.511171957672,Bang Chan,Khlong Sam Wa,Bangkok
AA180286,185.2833789682539,239.511171957672,Akat,Akat Amnuai,Sakon Nakhon
AA180286,185.2833789682539,239.511171957672,Bang Chan,Khlong Sam Wa,Bangkok
AA180286,185.2833789682539,239.511171957672,Ban Dara,Phichai,Uttaradit
AA180286,185.2833789682539,239.511171957672,Bang Muang,Bang Yai,Nonthaburi
AA180286,185.2833789682539,239.511171957672,Bang Kachao,Phra Pradaeng,Samut Prakarn
AA180286,185.2833789682539,239.511171957672,Bang Maphrao,Lang Suan,Chumphon
AA180286,185.2833789682539,239.511171957672,Bang Duean,Phunphin,Surat Thani
AA180286,185.2833789682539,239.511171957672,Ban Fa,Ban Luang,Nan
AA180286,185.2833789682539,239.511171957672,Bang Nom Kho,Sena,Phra Nakhon Si Ayutthaya
AA180293,233.98735606060617,282.8850243506496,Ao Luek Tai,Ao Luek,Krabi
AA180293,233.98735606060617,282.8850243506496,Bang Klam,Bang Klam,Songkhla
AA180293,233.98735606060617,282.8850243506496,Ban Dai,Mae Sai,Chiang Rai
AA180293,233.98735606060617,282.8850243506496,Bang Kapi,Huai Khwang,Bangkok
AA180293,233.98735606060617,282.8850243506496,Ban Bueng,Ban Rai,Uthai Thani
AA180293,233.98735606060617,282.8850243506496,Bang Khu,Tha Wung,Lop Buri
AA180293,233.98735606060617,282.8850243506496,Ban Bung,Mueang Phichit,Phichit
AA180293,233.98735606060617,282.8850243506496,Bang Krang,Mueang Nonthaburi,Nonthaburi
AA180293,233.98735606060617,282.8850243506496,Bang Kaeo,Banphot Phisai,Nakhon Sawan
AA180293,233.98735606060617,282.8850243506496,Aranyik,Mueang Phitsanulok,Phitsanulok
AA180293,233.98735606060617,282.8850243506496,Bang Luang,Sapphaya,Chai Nat
AA180293,233.98735606060617,282.8850243506496,Ba-Ngo Sato,Ra-ngae,Narathiwat
AA180293,233.98735606060617,282.8850243506496,Ban Aen,Doi Tao,Chiang Mai
AA180293,233.98735606060617,282.8850243506496,Ban Don,U Thong,Suphan Buri
AA180301,277.2081101190476,322.380639880952,Ang Thong,Banphot Phisai,Nakhon Sawan
AA180301,277.2081101190476,322.380639880952,Bang Kung,Mueang Surat Thani,Surat Thani
AA180301,277.2081101190476,322.380639880952,Bang Muang,Bang Yai,Nonthaburi
AA180301,277.2081101190476,322.380639880952,Bang Mafo,Krok Phra,Nakhon Sawan
AA180301,277.2081101190476,322.380639880952,Bang Kaeo,Banphot Phisai,Nakhon Sawan
AA180301,277.2081101190476,322.380639880952,Bang Klam,Bang Klam,Songkhla
AA180301,277.2081101190476,322.380639880952,Bang Chang,Sam Phran,Nakhon Pathom
AA180301,277.2081101190476,322.380639880952,Bang Chang,Sam Phran,Nakhon Pathom
AA180301,277.2081101190476,322.380639880952,Bang Kahai,Mueang Chachoengsao,Chachoengsao
AA180301,277.2081101190476,322.380639880952,Ban Chian,Hankha,Chai Nat
AA180301,277.2081101190476,322.380639880952,Ao Luek Nuea,Ao Luek,Krabi
AA180301,277.2081101190476,322.380639880952,Bang Decha,Mueang Prachin Buri,Prachin Buri
AA180301,277.2081101190476,322.380639880952,Amnat,Lue Amnat,Amnat Charoen
AA180301,277.2081101190476,322.380639880952,Bang Khao,Nong Chik,Pattani
AA180301,277.2081101190476,322.380639880952,Bang Chang,Sam Phran,Nakhon Pathom
AA180301,277.2081101190476,322.380639880952,Bang Krabue,Mueang Sing Buri,Sing Buri
AA180301,277.2081101190476,322.380639880952,Bang Kaeo,Mueang Chachoengsao,Chachoengsao
AA180301,277.2081101190476,322.380639880952,Bang Khan Mak,Mueang Lop Buri,Lop Buri
AA180301,277.2081101190476,322.380639880952,Ba,Tha Tum,Surin
AA180301,277.2081101190476,322.380639880952,Ban Bat,Pom Prap Sattruphai,Bangkok
AA180301,277.2081101190476,322.380639880952,Ban Dong,Ubolratana,Khon Kaen
AA180301,277.2081101190476,322.380639880952,Bang Kho,Chom Thong,Bangkok
AA180306,50.0,100.0,Ammarit,Phak Hai,Phra Nakhon Si Ayutthaya
AA180306,50.0,100.0,Bang Chan,Khlong Sam Wa,Bangkok
AA180306,50.0,100.0,Bang Ban,Bang Ban,Phra Nakhon Si Ayutthaya
AA180306,50.0,100.0,Ban Chiang,Nong Saeng,Udon Thani
AA180306,50.0,100.0,Bang Lao,Khlong Khuean,Chachoengsao
AA180306,50.0,100.0,Bang Krathuek,Sam Phran,Nakhon Pathom
AA180306,50.0,100.0,Bang Khlan,Pho Thale,Phichit
AA180306,50.0,100.0,Bang Kahai,Mueang Chachoengsao,Chachoengsao
AA180306,50.0,100.0,Ammarit,Phak Hai,Phra Nakhon Si Ayutthaya
AA180306,50.0,100.0,Aranya Prathet,Aranyaprathet,Sa kaeo
AA180306,50.0,100.0,Ban Fa,Ban Luang,Nan
AA180306,50.0,100.0,Bang Kro,Khok Pho,Pattani
AA180306,50.0,100.0,Ban Chang,Ban Chang,Rayong
AA180306,50.0,100.0,Bang Chak,Mueang Phetchaburi,Phetchaburi
AA180310,118.039782608696,181.673043478261,Bang Duean,Phunphin,Surat Thani
AA180310,118.039782608696,181.673043478261,Bang Kraso,Mueang Nonthaburi,Nonthaburi
AA180310,118.039782608696,181.673043478261,Ban Fang,Ban Fang,Khon Kaen
AA180310,118.039782608696,181.673043478261,Ban Dong,Ubolratana,Khon Kaen
AA180310,118.039782608696,181.673043478261,Bang Kahai,Mueang Chachoengsao,Chachoengsao
AA180310,118.039782608696,181.673043478261,Bang Chang,Sam Phran,Nakhon Pathom
AA180310,118.039782608696,181.673043478261,Bang Len,Bang Len,Nakhon Pathom
AA180310,118.039782608696,181.673043478261,Bang Duean,Phunphin,Surat Thani
AA180310,118.039782608696,181.673043478261,Bang Krabao,Nakhon Chai Si,Nakhon Pathom
AA180310,118.039782608696,181.673043478261,Bang Mak,Kantang,Trang
AA180310,118.039782608696,181.673043478261,Bang Khun Si,Bangkok Noi,Bangkok
AA180310,118.039782608696,181.673043478261,Bang Kapi,Huai Khwang,Bangkok
AA180310,118.039782608696,181.673043478261,Bang Luang Dot,Bang Ban,Phra Nakhon Si Ayutthaya
AA180310,118.039782608696,181.673043478261,Bang Chalong,Bang Phli,Samut Prakarn
AA180310,118.039782608696,181.673043478261,Bang Kahai,Mueang Chachoengsao,Chachoengsao
AA180310,118.039782608696,181.673043478261,Ban Bak,Si Somdet,Roi Et
AA180310,118.039782608696,181.673043478261,Bang Kao,Cha-am,Phetchaburi
AA180310,118.039782608696,181.673043478261,Ao Luek Nuea,Ao Luek,Krabi
AA180310,118.039782608696,181.673043478261,Bang Khan,Bang Khan,Nakhon Si Thammarat
AA180310,118.039782608696,181.673043478261,Bang Nok Khwaek,Bang Khonthi,Samut Songkhram
AA180319,50.0,100.0,Bang Nang Ra,Bang Pahan,Phra Nakhon Si Ayutthaya
AA180319,50.0,100.0,Bang Mueang,Mueang Samut Prakan,Samut Prakarn
AA180319,50.0,100.0,Ban Chung,Nakhon Luang,Phra Nakhon Si Ayutthaya
AA180319,50.0,100.0,Bang Khu,Tha Wung,Lop Buri
AA180319,50.0,100.0,Bang Khun Sai,Ban Laem,Phetchaburi
AA180319,50.0,100.0,Bang Khu,Tha Wung,Lop Buri
AA180319,50.0,100.0,Bang Kapi,Huai Khwang,Bangkok
AA180319,50.0,100.0,Bang Khun Si,Bangkok Noi,Bangkok
AA180319,50.0,100.0,Ba-Ngoi,Raman,Yala
AA180319,50.0,100.0,Akat,Akat Amnuai,Sakon Nakhon
AA180319,50.0,100.0,Bang Khu Wiang,Bang Kruai,Nonthaburi
AA180319,50.0,100.0,Bang Mafo,Krok Phra,Nakhon Sawan
AA180324,486.38593749999984,506.3794239561765,Bang Pahan,Bang Pahan,Phra Nakhon Si Ayutthaya
AA180324,486.38593749999984,506.3794239561765,Ban Cha-Uat,Chulabhorn,Nakhon Si Thammarat
AA180324,486.38593749999984,506.3794239561765,Ao Luek Tai,Ao Luek,Krabi
AA180324,486.38593749999984,506.3794239561765,Bang Nam Chuet,Lang Suan,Chumphon
AA180324,486.38593749999984,506.3794239561765,Bang Khun Non,Bangkok Noi,Bangkok
AA180324,486.38593749999984,506.3794239561765,Bang Kahai,Mueang Chachoengsao,Chachoengsao
AA180324,486.38593749999984,506.3794239561765,Bang Pahan,Bang Pahan,Phra Nakhon Si Ayutthaya
AA180324,486.38593749999984,506.3794239561765,Bang Khiat,Singhanakhon,Songkhla
AA180324,486.38593749999984,506.3794239561765,Bang Chak,Phasi Charoen,Bangkok
AA180324,486.38593749999984,506.3794239561765,Bang Bua Thong,Bang Bua Thong,Nonthaburi
AA180324,486.38593749999984,506.3794239561765,Bang Khanun,Bang Kruai,Nonthaburi
AA180324,486.38593749999984,506.3794239561765,Ban Bo,Mueang Samut Sakhon,Samut Sakhon
AA180324,486.38593749999984,506.3794239561765,Bang Chakreng,Mueang Samut Songkhram,Samut Songkhram
AA180332,50.0,100.0,Bang Len,Bang Yai,Nonthaburi
AA180332,50.0,100.0,Ban Bua,Mueang Buri Ram,Buri Ram
AA180332,50.0,100.0,Bang Mafo,Krok Phra,Nakhon Sawan
AA180332,50.0,100.0,Bang Kachao,Phra Pradaeng,Samut Prakarn
AA180332,50.0,100.0,Ban Chang,Mueang Pathum Thani,Pathum Thani
AA180332,50.0,100.0,Bang Luang,Sapphaya,Chai Nat
AA180332,50.0,100.0,Anusawari,Bang Khen,Bangkok
AA180332,50.0,100.0,Bang Chak,Phra Pradaeng,Samut Prakarn
AA180332,50.0,100.0,Bang Chak,Phra Khanong,Bangkok
AA180332,50.0,100.0,Bang Khun Kong,Bang Kruai,Nonthaburi
AA180332,50.0,100.0,Bang Phai,Bang Khae,Bangkok
AA180332,50.0,100.0,Bang Luang,Bang Len,Nakhon Pathom
AA180332,50.0,100.0,Bang Kaeo,Bang Phli,Samut Prakarn
AA180332,50.0,100.0,Bana,Mueang Pattani,Pattani
AA180332,50.0,100.0,Ban Bua,Kaset Sombun,Chaiyaphum
AA180332,50.0,100.0,Bang Nang,Phan Thong,Chon Buri
AA180332,50.0,100.0,Bang Duea,Mueang Pathum Thani,Pathum Thani
AA180338,43.4397325611184,97.29545930317666,Bang Kaeo,Bang Phli,Samut Prakarn
AA180338,43.4397325611184,97.29545930317666,Ban Dai,Mae Sai,Chiang Rai
AA180338,43.4397325611184,97.29545930317666,Bang Chak,Mueang Nakhon Si Thammarat,Nakhon Si Thammarat
AA180338,43.4397325611184,97.29545930317666,Bang Kluea,Bang Pakong,Chachoengsao
AA180338,43.4397325611184,97.29545930317666,Bang Nang,Phan Thong,Chon Buri
AA180338,43.4397325611184,97.29545930317666,Bang Na,Maha Rat,Phra Nakhon Si Ayutthaya
AA180338,43.4397325611184,97.29545930317666,Ban Cha,Bang Rachan,Sing Buri
AA180338,43.4397325611184,97.29545930317666,Bang Krathuek,Sam Phran,Nakhon Pathom
AA180338,43.4397325611184,97.29545930317666,Bang Phai,Bang Khae,Bangkok
AA180338,43.4397325611184,97.29545930317666,A Song,Raman,Yala
AA180338,43.4397325611184,97.29545930317666,Bang Nam Phueng,Phra Pradaeng,Samut Prakarn
AA180338,43.4397325611184,97.29545930317666,Baloi,Yaring,Pattani
AA180338,43.4397325611184,97.29545930317666,Bang Khian,Chum Saeng,Nakhon Sawan
AA180338,43.4397325611184,97.29545930317666,Ban Duea,Mueang Nong Khai,Nong Khai
